text,label
Verify your bank details to avoid suspension 653,1
Project meeting next week 611,0
Reminder: submit assignment 729,0
Urgent! Your account has been suspended. Click here to verify now 955,1
Unusual activity detected. Confirm immediately 548,1
Please review the attached document 917,0
Team meeting rescheduled 674,0
Project meeting next week 241,0
Team meeting rescheduled 703,0
Verify your bank details to avoid suspension 962,1
Your account will be blocked. Act now 512,1
Your account will be blocked. Act now 333,1
Let's catch up this weekend 208,0
Happy birthday! Have a great day 265,0
Unusual activity detected. Confirm immediately 278,1
Meeting scheduled tomorrow at 10 AM 795,0
Your order has been delivered 735,0
Verify your bank details to avoid suspension 895,1
Unusual activity detected. Confirm immediately 764,1
Click this link to secure your account 766,1
Unusual activity detected. Confirm immediately 850,1
Click this link to secure your account 563,1
Security alert! Login required 190,1
Project meeting next week 946,0
Urgent! Your account has been suspended. Click here to verify now 587,1
Urgent! Your account has been suspended. Click here to verify now 940,1
Urgent! Your account has been suspended. Click here to verify now 664,1
Invoice attached for your purchase 437,0
Congratulations! You won a prize. Claim now 290,1
Update your payment information now 167,1
Click this link to secure your account 522,1
Your order has been delivered 143,0
Lunch plan today? 834,0
Your order has been delivered 411,0
Let's catch up this weekend 486,0
Click this link to secure your account 686,1
Congratulations! You won a prize. Claim now 482,1
Invoice attached for your purchase 638,0
Lunch plan today? 823,0
Update your payment information now 929,1
Unusual activity detected. Confirm immediately 186,1
Invoice attached for your purchase 954,0
Urgent! Your account has been suspended. Click here to verify now 487,1
Team meeting rescheduled 749,0
Happy birthday! Have a great day 589,0
Lunch plan today? 542,0
Update your payment information now 311,1
Urgent! Your account has been suspended. Click here to verify now 219,1
Happy birthday! Have a great day 697,0
Unusual activity detected. Confirm immediately 308,1
Your password expires today. Login immediately 463,1
Update your payment information now 562,1
Verify your bank details to avoid suspension 605,1
Invoice attached for your purchase 549,0
Project meeting next week 538,0
Team meeting rescheduled 725,0
Urgent! Your account has been suspended. Click here to verify now 121,1
Project meeting next week 426,0
Congratulations! You won a prize. Claim now 665,1
You have received a reward. Click to claim 242,1
Your order has been delivered 712,0
Invoice attached for your purchase 897,0
Your password expires today. Login immediately 698,1
Project meeting next week 973,0
Happy birthday! Have a great day 901,0
Click this link to secure your account 913,1
Unusual activity detected. Confirm immediately 624,1
Let's catch up this weekend 789,0
Your order has been delivered 256,0
Your order has been delivered 972,0
Update your payment information now 769,1
Your password expires today. Login immediately 770,1
You have received a reward. Click to claim 516,1
Your order has been delivered 698,0
Lunch plan today? 964,0
Update your payment information now 301,1
Verify your bank details to avoid suspension 583,1
Reminder: submit assignment 555,0
Your account will be blocked. Act now 949,1
Let's catch up this weekend 852,0
You have received a reward. Click to claim 791,1
Meeting scheduled tomorrow at 10 AM 189,0
Meeting scheduled tomorrow at 10 AM 223,0
Please review the attached document 575,0
Update your payment information now 854,1
Team meeting rescheduled 754,0
Happy birthday! Have a great day 419,0
Project meeting next week 150,0
Invoice attached for your purchase 111,0
Urgent! Your account has been suspended. Click here to verify now 508,1
Project meeting next week 242,0
Your password expires today. Login immediately 625,1
Urgent! Your account has been suspended. Click here to verify now 711,1
Update your payment information now 344,1
Let's catch up this weekend 656,0
Your order has been delivered 921,0
Verify your bank details to avoid suspension 252,1
You have received a reward. Click to claim 814,1
Team meeting rescheduled 862,0
Urgent! Your account has been suspended. Click here to verify now 517,1
Reminder: submit assignment 900,0
Lunch plan today? 961,0
Verify your bank details to avoid suspension 634,1
Your password expires today. Login immediately 366,1
Project meeting next week 527,0
Update your payment information now 938,1
Congratulations! You won a prize. Claim now 960,1
Security alert! Login required 246,1
You have received a reward. Click to claim 441,1
Click this link to secure your account 576,1
Urgent! Your account has been suspended. Click here to verify now 740,1
Project meeting next week 140,0
Project meeting next week 772,0
Your password expires today. Login immediately 133,1
Please review the attached document 435,0
Happy birthday! Have a great day 775,0
Let's catch up this weekend 734,0
You have received a reward. Click to claim 748,1
Project meeting next week 804,0
Your account will be blocked. Act now 153,1
Reminder: submit assignment 698,0
Unusual activity detected. Confirm immediately 495,1
Security alert! Login required 227,1
Your order has been delivered 850,0
Your account will be blocked. Act now 468,1
Your password expires today. Login immediately 598,1
Meeting scheduled tomorrow at 10 AM 248,0
Reminder: submit assignment 501,0
Invoice attached for your purchase 855,0
Urgent! Your account has been suspended. Click here to verify now 410,1
Lunch plan today? 292,0
Urgent! Your account has been suspended. Click here to verify now 930,1
Project meeting next week 134,0
Urgent! Your account has been suspended. Click here to verify now 996,1
Your order has been delivered 540,0
Click this link to secure your account 791,1
Happy birthday! Have a great day 437,0
Project meeting next week 927,0
Congratulations! You won a prize. Claim now 520,1
Project meeting next week 500,0
Project meeting next week 784,0
Unusual activity detected. Confirm immediately 945,1
Your account will be blocked. Act now 964,1
Verify your bank details to avoid suspension 537,1
You have received a reward. Click to claim 520,1
Happy birthday! Have a great day 472,0
Congratulations! You won a prize. Claim now 608,1
You have received a reward. Click to claim 966,1
Your order has been delivered 189,0
Click this link to secure your account 555,1
Happy birthday! Have a great day 470,0
Invoice attached for your purchase 910,0
Your password expires today. Login immediately 518,1
Security alert! Login required 581,1
Team meeting rescheduled 582,0
Security alert! Login required 439,1
You have received a reward. Click to claim 361,1
Click this link to secure your account 581,1
Let's catch up this weekend 371,0
Click this link to secure your account 499,1
Let's catch up this weekend 220,0
Happy birthday! Have a great day 840,0
Reminder: submit assignment 748,0
Click this link to secure your account 151,1
Team meeting rescheduled 700,0
Verify your bank details to avoid suspension 966,1
Update your payment information now 191,1
Reminder: submit assignment 530,0
Security alert! Login required 682,1
You have received a reward. Click to claim 989,1
Please review the attached document 396,0
Your account will be blocked. Act now 263,1
Your order has been delivered 872,0
Your password expires today. Login immediately 302,1
Your account will be blocked. Act now 771,1
Urgent! Your account has been suspended. Click here to verify now 492,1
Team meeting rescheduled 515,0
Congratulations! You won a prize. Claim now 535,1
Update your payment information now 693,1
Let's catch up this weekend 914,0
Security alert! Login required 568,1
Click this link to secure your account 252,1
Let's catch up this weekend 438,0
Congratulations! You won a prize. Claim now 962,1
Lunch plan today? 273,0
Click this link to secure your account 347,1
Verify your bank details to avoid suspension 462,1
Update your payment information now 360,1
Your order has been delivered 734,0
Meeting scheduled tomorrow at 10 AM 996,0
Let's catch up this weekend 416,0
Urgent! Your account has been suspended. Click here to verify now 498,1
Project meeting next week 168,0
Happy birthday! Have a great day 215,0
Happy birthday! Have a great day 314,0
Urgent! Your account has been suspended. Click here to verify now 786,1
Verify your bank details to avoid suspension 389,1
Lunch plan today? 510,0
Congratulations! You won a prize. Claim now 275,1
Urgent! Your account has been suspended. Click here to verify now 314,1
Congratulations! You won a prize. Claim now 401,1
Congratulations! You won a prize. Claim now 159,1
Update your payment information now 386,1
Unusual activity detected. Confirm immediately 719,1
Meeting scheduled tomorrow at 10 AM 689,0
Congratulations! You won a prize. Claim now 173,1
Security alert! Login required 423,1
You have received a reward. Click to claim 532,1
You have received a reward. Click to claim 504,1
Your password expires today. Login immediately 321,1
Invoice attached for your purchase 355,0
Team meeting rescheduled 539,0
Your order has been delivered 193,0
Your order has been delivered 543,0
You have received a reward. Click to claim 998,1
Your account will be blocked. Act now 125,1
Verify your bank details to avoid suspension 466,1
Your order has been delivered 191,0
Click this link to secure your account 497,1
Update your payment information now 117,1
Please review the attached document 331,0
Click this link to secure your account 436,1
Security alert! Login required 973,1
Verify your bank details to avoid suspension 883,1
Project meeting next week 782,0
Unusual activity detected. Confirm immediately 655,1
Meeting scheduled tomorrow at 10 AM 318,0
Security alert! Login required 537,1
Your account will be blocked. Act now 402,1
Please review the attached document 660,0
Happy birthday! Have a great day 799,0
Urgent! Your account has been suspended. Click here to verify now 956,1
Your order has been delivered 276,0
Project meeting next week 418,0
You have received a reward. Click to claim 324,1
Verify your bank details to avoid suspension 745,1
Lunch plan today? 247,0
Reminder: submit assignment 426,0
Unusual activity detected. Confirm immediately 862,1
Unusual activity detected. Confirm immediately 192,1
Congratulations! You won a prize. Claim now 167,1
Lunch plan today? 869,0
Your order has been delivered 972,0
Project meeting next week 675,0
Verify your bank details to avoid suspension 363,1
Unusual activity detected. Confirm immediately 351,1
Reminder: submit assignment 639,0
Security alert! Login required 933,1
Lunch plan today? 904,0
Invoice attached for your purchase 629,0
Security alert! Login required 569,1
Click this link to secure your account 521,1
Project meeting next week 801,0
Please review the attached document 123,0
Let's catch up this weekend 952,0
Click this link to secure your account 289,1
Meeting scheduled tomorrow at 10 AM 109,0
Team meeting rescheduled 153,0
Reminder: submit assignment 207,0
Invoice attached for your purchase 226,0
You have received a reward. Click to claim 500,1
Congratulations! You won a prize. Claim now 451,1
Team meeting rescheduled 276,0
Invoice attached for your purchase 350,0
Your password expires today. Login immediately 838,1
Invoice attached for your purchase 839,0
You have received a reward. Click to claim 989,1
Unusual activity detected. Confirm immediately 342,1
Your order has been delivered 272,0
Project meeting next week 967,0
Reminder: submit assignment 613,0
Security alert! Login required 614,1
Let's catch up this weekend 975,0
Project meeting next week 852,0
Team meeting rescheduled 984,0
Update your payment information now 438,1
Your order has been delivered 321,0
Please review the attached document 485,0
Congratulations! You won a prize. Claim now 643,1
Please review the attached document 331,0
Update your payment information now 213,1
Let's catch up this weekend 903,0
Meeting scheduled tomorrow at 10 AM 778,0
Your password expires today. Login immediately 259,1
Project meeting next week 546,0
Verify your bank details to avoid suspension 700,1
Verify your bank details to avoid suspension 542,1
Unusual activity detected. Confirm immediately 329,1
Update your payment information now 633,1
Team meeting rescheduled 686,0
Security alert! Login required 497,1
Let's catch up this weekend 725,0
Meeting scheduled tomorrow at 10 AM 432,0
Team meeting rescheduled 787,0
Security alert! Login required 228,1
Unusual activity detected. Confirm immediately 534,1
Urgent! Your account has been suspended. Click here to verify now 818,1
Click this link to secure your account 397,1
Invoice attached for your purchase 405,0
Your password expires today. Login immediately 880,1
Happy birthday! Have a great day 615,0
Your account will be blocked. Act now 197,1
Invoice attached for your purchase 684,0
Your account will be blocked. Act now 188,1
Let's catch up this weekend 580,0
Urgent! Your account has been suspended. Click here to verify now 165,1
Please review the attached document 290,0
Congratulations! You won a prize. Claim now 133,1
Lunch plan today? 988,0
Security alert! Login required 565,1
Your password expires today. Login immediately 848,1
Urgent! Your account has been suspended. Click here to verify now 372,1
Your order has been delivered 201,0
Please review the attached document 719,0
Reminder: submit assignment 955,0
Your password expires today. Login immediately 946,1
Verify your bank details to avoid suspension 582,1
Lunch plan today? 571,0
Team meeting rescheduled 261,0
Click this link to secure your account 167,1
Urgent! Your account has been suspended. Click here to verify now 261,1
Meeting scheduled tomorrow at 10 AM 846,0
Urgent! Your account has been suspended. Click here to verify now 936,1
Reminder: submit assignment 589,0
Meeting scheduled tomorrow at 10 AM 121,0
Unusual activity detected. Confirm immediately 293,1
Reminder: submit assignment 553,0
Your order has been delivered 761,0
Project meeting next week 616,0
Happy birthday! Have a great day 696,0
Happy birthday! Have a great day 160,0
Reminder: submit assignment 460,0
Your order has been delivered 153,0
You have received a reward. Click to claim 979,1
Team meeting rescheduled 269,0
Reminder: submit assignment 838,0
Security alert! Login required 474,1
Meeting scheduled tomorrow at 10 AM 623,0
Security alert! Login required 151,1
Lunch plan today? 696,0
Let's catch up this weekend 470,0
Team meeting rescheduled 489,0
Your password expires today. Login immediately 710,1
Your password expires today. Login immediately 595,1
Lunch plan today? 161,0
Invoice attached for your purchase 404,0
Reminder: submit assignment 566,0
Project meeting next week 343,0
Project meeting next week 246,0
Reminder: submit assignment 883,0
Let's catch up this weekend 612,0
Please review the attached document 531,0
Project meeting next week 327,0
Project meeting next week 420,0
Invoice attached for your purchase 603,0
Invoice attached for your purchase 457,0
Click this link to secure your account 692,1
Reminder: submit assignment 649,0
Security alert! Login required 731,1
Your order has been delivered 603,0
Your password expires today. Login immediately 762,1
Congratulations! You won a prize. Claim now 386,1
Meeting scheduled tomorrow at 10 AM 553,0
Security alert! Login required 659,1
Update your payment information now 972,1
Your order has been delivered 644,0
Urgent! Your account has been suspended. Click here to verify now 671,1
Invoice attached for your purchase 164,0
Verify your bank details to avoid suspension 204,1
Let's catch up this weekend 499,0
Invoice attached for your purchase 482,0
Happy birthday! Have a great day 259,0
Your order has been delivered 221,0
Please review the attached document 902,0
Lunch plan today? 961,0
You have received a reward. Click to claim 572,1
Reminder: submit assignment 306,0
Project meeting next week 662,0
Meeting scheduled tomorrow at 10 AM 215,0
Click this link to secure your account 180,1
Reminder: submit assignment 808,0
Reminder: submit assignment 215,0
Your account will be blocked. Act now 746,1
Please review the attached document 286,0
Project meeting next week 338,0
Team meeting rescheduled 888,0
Urgent! Your account has been suspended. Click here to verify now 704,1
Security alert! Login required 390,1
Verify your bank details to avoid suspension 231,1
Congratulations! You won a prize. Claim now 302,1
Security alert! Login required 886,1
Security alert! Login required 354,1
Your order has been delivered 321,0
Congratulations! You won a prize. Claim now 804,1
Please review the attached document 352,0
Reminder: submit assignment 473,0
Happy birthday! Have a great day 782,0
Reminder: submit assignment 111,0
Please review the attached document 602,0
You have received a reward. Click to claim 295,1
Verify your bank details to avoid suspension 885,1
Happy birthday! Have a great day 872,0
Happy birthday! Have a great day 565,0
Please review the attached document 962,0
Reminder: submit assignment 683,0
Project meeting next week 584,0
Verify your bank details to avoid suspension 137,1
Meeting scheduled tomorrow at 10 AM 762,0
Security alert! Login required 829,1
Lunch plan today? 844,0
Happy birthday! Have a great day 150,0
Urgent! Your account has been suspended. Click here to verify now 561,1
Your password expires today. Login immediately 363,1
Congratulations! You won a prize. Claim now 996,1
Click this link to secure your account 459,1
Verify your bank details to avoid suspension 628,1
Urgent! Your account has been suspended. Click here to verify now 138,1
Please review the attached document 858,0
Let's catch up this weekend 463,0
Urgent! Your account has been suspended. Click here to verify now 356,1
Click this link to secure your account 554,1
Happy birthday! Have a great day 259,0
Congratulations! You won a prize. Claim now 223,1
You have received a reward. Click to claim 149,1
Update your payment information now 889,1
Click this link to secure your account 105,1
Verify your bank details to avoid suspension 214,1
Your password expires today. Login immediately 477,1
Update your payment information now 237,1
Update your payment information now 629,1
Invoice attached for your purchase 211,0
You have received a reward. Click to claim 435,1
Your account will be blocked. Act now 794,1
Happy birthday! Have a great day 905,0
Your account will be blocked. Act now 219,1
Your order has been delivered 581,0
Security alert! Login required 444,1
Verify your bank details to avoid suspension 385,1
Your account will be blocked. Act now 843,1
Team meeting rescheduled 852,0
Your account will be blocked. Act now 275,1
Verify your bank details to avoid suspension 336,1
Please review the attached document 947,0
Urgent! Your account has been suspended. Click here to verify now 815,1
Please review the attached document 838,0
Project meeting next week 796,0
Meeting scheduled tomorrow at 10 AM 834,0
Unusual activity detected. Confirm immediately 502,1
Lunch plan today? 691,0
Your password expires today. Login immediately 104,1
You have received a reward. Click to claim 332,1
Congratulations! You won a prize. Claim now 113,1
Your account will be blocked. Act now 154,1
Verify your bank details to avoid suspension 634,1
Your password expires today. Login immediately 901,1
Urgent! Your account has been suspended. Click here to verify now 444,1
Your password expires today. Login immediately 211,1
Lunch plan today? 433,0
You have received a reward. Click to claim 297,1
You have received a reward. Click to claim 107,1
Happy birthday! Have a great day 131,0
Invoice attached for your purchase 872,0
Please review the attached document 329,0
Happy birthday! Have a great day 790,0
Update your payment information now 318,1
Lunch plan today? 572,0
Please review the attached document 482,0
Please review the attached document 541,0
Verify your bank details to avoid suspension 631,1
Reminder: submit assignment 349,0
Unusual activity detected. Confirm immediately 306,1
Unusual activity detected. Confirm immediately 645,1
Invoice attached for your purchase 959,0
You have received a reward. Click to claim 965,1
Your password expires today. Login immediately 769,1
Update your payment information now 499,1
You have received a reward. Click to claim 476,1
Your password expires today. Login immediately 194,1
Your password expires today. Login immediately 576,1
Meeting scheduled tomorrow at 10 AM 520,0
You have received a reward. Click to claim 486,1
Reminder: submit assignment 341,0
Meeting scheduled tomorrow at 10 AM 555,0
Team meeting rescheduled 404,0
Unusual activity detected. Confirm immediately 999,1
You have received a reward. Click to claim 188,1
Congratulations! You won a prize. Claim now 393,1
Invoice attached for your purchase 675,0
Security alert! Login required 232,1
Let's catch up this weekend 400,0
Unusual activity detected. Confirm immediately 320,1
You have received a reward. Click to claim 153,1
Unusual activity detected. Confirm immediately 689,1
Team meeting rescheduled 914,0
Click this link to secure your account 223,1
Congratulations! You won a prize. Claim now 458,1
Congratulations! You won a prize. Claim now 991,1
Invoice attached for your purchase 582,0
Your password expires today. Login immediately 422,1
Invoice attached for your purchase 518,0
Unusual activity detected. Confirm immediately 345,1
You have received a reward. Click to claim 221,1
Happy birthday! Have a great day 490,0
Verify your bank details to avoid suspension 574,1
Unusual activity detected. Confirm immediately 239,1
Let's catch up this weekend 145,0
Reminder: submit assignment 122,0
Verify your bank details to avoid suspension 840,1
Security alert! Login required 840,1
Please review the attached document 314,0
Team meeting rescheduled 685,0
You have received a reward. Click to claim 585,1
Lunch plan today? 762,0
Reminder: submit assignment 807,0
You have received a reward. Click to claim 425,1
Invoice attached for your purchase 561,0
Verify your bank details to avoid suspension 605,1
Reminder: submit assignment 605,0
Lunch plan today? 355,0
Project meeting next week 700,0
Security alert! Login required 357,1
Please review the attached document 221,0
Let's catch up this weekend 159,0
Your account will be blocked. Act now 307,1
Urgent! Your account has been suspended. Click here to verify now 684,1
Reminder: submit assignment 509,0
Congratulations! You won a prize. Claim now 359,1
Your order has been delivered 574,0
You have received a reward. Click to claim 212,1
Congratulations! You won a prize. Claim now 840,1
Reminder: submit assignment 372,0
Lunch plan today? 944,0
Reminder: submit assignment 893,0
Your password expires today. Login immediately 906,1
Update your payment information now 956,1
Urgent! Your account has been suspended. Click here to verify now 378,1
Your account will be blocked. Act now 365,1
Your account will be blocked. Act now 537,1
Invoice attached for your purchase 266,0
Verify your bank details to avoid suspension 278,1
Reminder: submit assignment 667,0
You have received a reward. Click to claim 487,1
Project meeting next week 430,0
Your account will be blocked. Act now 842,1
Verify your bank details to avoid suspension 628,1
Invoice attached for your purchase 184,0
Urgent! Your account has been suspended. Click here to verify now 445,1
Your account will be blocked. Act now 105,1
Security alert! Login required 940,1
Invoice attached for your purchase 251,0
Please review the attached document 737,0
Lunch plan today? 592,0
Project meeting next week 717,0
Congratulations! You won a prize. Claim now 314,1
Project meeting next week 594,0
Project meeting next week 524,0
Happy birthday! Have a great day 518,0
Congratulations! You won a prize. Claim now 466,1
Invoice attached for your purchase 145,0
Your account will be blocked. Act now 243,1
Let's catch up this weekend 906,0
Update your payment information now 563,1
Security alert! Login required 437,1
Security alert! Login required 262,1
Click this link to secure your account 487,1
Your account will be blocked. Act now 281,1
Verify your bank details to avoid suspension 436,1
Invoice attached for your purchase 605,0
Congratulations! You won a prize. Claim now 632,1
Your password expires today. Login immediately 167,1
Urgent! Your account has been suspended. Click here to verify now 364,1
Meeting scheduled tomorrow at 10 AM 590,0
Urgent! Your account has been suspended. Click here to verify now 625,1
Security alert! Login required 248,1
Congratulations! You won a prize. Claim now 833,1
Update your payment information now 184,1
Urgent! Your account has been suspended. Click here to verify now 641,1
Invoice attached for your purchase 540,0
Let's catch up this weekend 632,0
Meeting scheduled tomorrow at 10 AM 288,0
Team meeting rescheduled 164,0
Unusual activity detected. Confirm immediately 758,1
Reminder: submit assignment 673,0
Congratulations! You won a prize. Claim now 966,1
Lunch plan today? 848,0
Your order has been delivered 485,0
Team meeting rescheduled 872,0
Meeting scheduled tomorrow at 10 AM 598,0
Lunch plan today? 713,0
Meeting scheduled tomorrow at 10 AM 718,0
You have received a reward. Click to claim 417,1
Urgent! Your account has been suspended. Click here to verify now 522,1
Update your payment information now 376,1
Your order has been delivered 261,0
Meeting scheduled tomorrow at 10 AM 686,0
Invoice attached for your purchase 745,0
Security alert! Login required 662,1
Security alert! Login required 930,1
Happy birthday! Have a great day 645,0
Lunch plan today? 576,0
Team meeting rescheduled 243,0
Verify your bank details to avoid suspension 342,1
Happy birthday! Have a great day 564,0
Congratulations! You won a prize. Claim now 269,1
You have received a reward. Click to claim 433,1
Unusual activity detected. Confirm immediately 593,1
Click this link to secure your account 465,1
Your order has been delivered 794,0
Click this link to secure your account 400,1
Meeting scheduled tomorrow at 10 AM 530,0
Your order has been delivered 327,0
Project meeting next week 361,0
Lunch plan today? 338,0
Security alert! Login required 549,1
Let's catch up this weekend 708,0
Please review the attached document 521,0
Click this link to secure your account 493,1
Click this link to secure your account 956,1
Project meeting next week 902,0
Verify your bank details to avoid suspension 609,1
Invoice attached for your purchase 793,0
Security alert! Login required 592,1
Invoice attached for your purchase 961,0
Unusual activity detected. Confirm immediately 676,1
Unusual activity detected. Confirm immediately 281,1
Happy birthday! Have a great day 142,0
Verify your bank details to avoid suspension 499,1
Congratulations! You won a prize. Claim now 949,1
Let's catch up this weekend 594,0
You have received a reward. Click to claim 954,1
Security alert! Login required 506,1
Unusual activity detected. Confirm immediately 233,1
Let's catch up this weekend 949,0
Click this link to secure your account 447,1
Your order has been delivered 954,0
Your password expires today. Login immediately 195,1
Project meeting next week 220,0
Reminder: submit assignment 745,0
Invoice attached for your purchase 126,0
Project meeting next week 986,0
Reminder: submit assignment 615,0
Unusual activity detected. Confirm immediately 103,1
Reminder: submit assignment 105,0
Unusual activity detected. Confirm immediately 502,1
Meeting scheduled tomorrow at 10 AM 673,0
Congratulations! You won a prize. Claim now 502,1
Project meeting next week 572,0
Click this link to secure your account 497,1
Reminder: submit assignment 840,0
Team meeting rescheduled 696,0
Lunch plan today? 399,0
Meeting scheduled tomorrow at 10 AM 334,0
Update your payment information now 428,1
Project meeting next week 346,0
Urgent! Your account has been suspended. Click here to verify now 148,1
Please review the attached document 824,0
Meeting scheduled tomorrow at 10 AM 713,0
Your account will be blocked. Act now 251,1
Security alert! Login required 620,1
Please review the attached document 355,0
Click this link to secure your account 205,1
Verify your bank details to avoid suspension 677,1
Unusual activity detected. Confirm immediately 255,1
Your order has been delivered 981,0
Unusual activity detected. Confirm immediately 644,1
Please review the attached document 254,0
Verify your bank details to avoid suspension 346,1
Click this link to secure your account 549,1
Your account will be blocked. Act now 472,1
Invoice attached for your purchase 242,0
Update your payment information now 585,1
Your order has been delivered 742,0
Click this link to secure your account 626,1
Please review the attached document 262,0
Lunch plan today? 486,0
Verify your bank details to avoid suspension 640,1
Your password expires today. Login immediately 385,1
Project meeting next week 996,0
Project meeting next week 827,0
Urgent! Your account has been suspended. Click here to verify now 985,1
Urgent! Your account has been suspended. Click here to verify now 205,1
You have received a reward. Click to claim 254,1
Please review the attached document 814,0
Lunch plan today? 491,0
Team meeting rescheduled 965,0
Your order has been delivered 983,0
Verify your bank details to avoid suspension 718,1
Please review the attached document 500,0
Your order has been delivered 603,0
Click this link to secure your account 600,1
Update your payment information now 749,1
Please review the attached document 123,0
Update your payment information now 119,1
Team meeting rescheduled 467,0
Meeting scheduled tomorrow at 10 AM 605,0
Happy birthday! Have a great day 764,0
Urgent! Your account has been suspended. Click here to verify now 860,1
Security alert! Login required 498,1
Urgent! Your account has been suspended. Click here to verify now 299,1
Update your payment information now 688,1
Project meeting next week 751,0
Your account will be blocked. Act now 894,1
Team meeting rescheduled 771,0
Update your payment information now 618,1
Reminder: submit assignment 897,0
Invoice attached for your purchase 270,0
Team meeting rescheduled 826,0
Click this link to secure your account 135,1
Lunch plan today? 614,0
Your account will be blocked. Act now 892,1
Your order has been delivered 866,0
Let's catch up this weekend 617,0
Happy birthday! Have a great day 346,0
Invoice attached for your purchase 400,0
Urgent! Your account has been suspended. Click here to verify now 443,1
Please review the attached document 708,0
Congratulations! You won a prize. Claim now 737,1
Verify your bank details to avoid suspension 624,1
Project meeting next week 163,0
Security alert! Login required 404,1
Update your payment information now 488,1
Your password expires today. Login immediately 298,1
Meeting scheduled tomorrow at 10 AM 532,0
Project meeting next week 477,0
Click this link to secure your account 295,1
Lunch plan today? 242,0
Reminder: submit assignment 291,0
Happy birthday! Have a great day 577,0
Click this link to secure your account 660,1
You have received a reward. Click to claim 771,1
Congratulations! You won a prize. Claim now 608,1
Lunch plan today? 188,0
Verify your bank details to avoid suspension 839,1
Team meeting rescheduled 921,0
Project meeting next week 840,0
Lunch plan today? 282,0
Invoice attached for your purchase 568,0
Unusual activity detected. Confirm immediately 879,1
Project meeting next week 767,0
Your order has been delivered 120,0
Project meeting next week 337,0
Update your payment information now 356,1
Congratulations! You won a prize. Claim now 547,1
Click this link to secure your account 586,1
Update your payment information now 926,1
Happy birthday! Have a great day 405,0
Your password expires today. Login immediately 398,1
Verify your bank details to avoid suspension 862,1
Click this link to secure your account 317,1
Please review the attached document 430,0
Meeting scheduled tomorrow at 10 AM 394,0
Lunch plan today? 256,0
Congratulations! You won a prize. Claim now 940,1
You have received a reward. Click to claim 209,1
You have received a reward. Click to claim 629,1
Click this link to secure your account 591,1
Project meeting next week 428,0
Please review the attached document 688,0
Happy birthday! Have a great day 349,0
Please review the attached document 900,0
Unusual activity detected. Confirm immediately 960,1
Lunch plan today? 637,0
Reminder: submit assignment 785,0
Urgent! Your account has been suspended. Click here to verify now 176,1
Please review the attached document 733,0
Congratulations! You won a prize. Claim now 393,1
Urgent! Your account has been suspended. Click here to verify now 158,1
Update your payment information now 786,1
Unusual activity detected. Confirm immediately 232,1
Invoice attached for your purchase 562,0
Click this link to secure your account 304,1
Team meeting rescheduled 476,0
Security alert! Login required 805,1
Team meeting rescheduled 598,0
Update your payment information now 397,1
Urgent! Your account has been suspended. Click here to verify now 624,1
Team meeting rescheduled 122,0
Project meeting next week 602,0
Let's catch up this weekend 274,0
Let's catch up this weekend 470,0
Please review the attached document 269,0
Update your payment information now 611,1
Project meeting next week 736,0
Congratulations! You won a prize. Claim now 609,1
You have received a reward. Click to claim 740,1
Reminder: submit assignment 661,0
Team meeting rescheduled 221,0
Project meeting next week 853,0
Please review the attached document 291,0
Congratulations! You won a prize. Claim now 252,1
Project meeting next week 548,0
Invoice attached for your purchase 433,0
Happy birthday! Have a great day 306,0
Lunch plan today? 582,0
Reminder: submit assignment 487,0
You have received a reward. Click to claim 419,1
Invoice attached for your purchase 950,0
Lunch plan today? 831,0
You have received a reward. Click to claim 282,1
Please review the attached document 614,0
Your password expires today. Login immediately 987,1
Reminder: submit assignment 200,0
Lunch plan today? 646,0
Congratulations! You won a prize. Claim now 426,1
Team meeting rescheduled 552,0
Project meeting next week 569,0
Team meeting rescheduled 823,0
Update your payment information now 293,1
Reminder: submit assignment 471,0
Your order has been delivered 801,0
Congratulations! You won a prize. Claim now 430,1
Your account will be blocked. Act now 158,1
Team meeting rescheduled 373,0
Urgent! Your account has been suspended. Click here to verify now 319,1
Happy birthday! Have a great day 237,0
Update your payment information now 706,1
Team meeting rescheduled 741,0
Let's catch up this weekend 854,0
Reminder: submit assignment 113,0
Your order has been delivered 554,0
Click this link to secure your account 308,1
Invoice attached for your purchase 140,0
You have received a reward. Click to claim 750,1
Security alert! Login required 593,1
Urgent! Your account has been suspended. Click here to verify now 599,1
Invoice attached for your purchase 179,0
Happy birthday! Have a great day 895,0
Team meeting rescheduled 183,0
Let's catch up this weekend 937,0
Congratulations! You won a prize. Claim now 103,1
Congratulations! You won a prize. Claim now 920,1
Meeting scheduled tomorrow at 10 AM 256,0
Lunch plan today? 957,0
You have received a reward. Click to claim 955,1
Click this link to secure your account 989,1
Meeting scheduled tomorrow at 10 AM 596,0
Your order has been delivered 978,0
Update your payment information now 796,1
Let's catch up this weekend 775,0
Meeting scheduled tomorrow at 10 AM 406,0
Lunch plan today? 123,0
Reminder: submit assignment 569,0
Update your payment information now 508,1
Update your payment information now 498,1
Congratulations! You won a prize. Claim now 545,1
Security alert! Login required 156,1
Lunch plan today? 719,0
Lunch plan today? 639,0
Congratulations! You won a prize. Claim now 881,1
Your password expires today. Login immediately 473,1
Happy birthday! Have a great day 300,0
Unusual activity detected. Confirm immediately 691,1
Project meeting next week 375,0
Your account will be blocked. Act now 296,1
Update your payment information now 563,1
Security alert! Login required 810,1
Your password expires today. Login immediately 367,1
Please review the attached document 197,0
Meeting scheduled tomorrow at 10 AM 458,0
Reminder: submit assignment 964,0
Your password expires today. Login immediately 335,1
Reminder: submit assignment 258,0
Reminder: submit assignment 454,0
Meeting scheduled tomorrow at 10 AM 233,0
Let's catch up this weekend 980,0
Security alert! Login required 121,1
Security alert! Login required 612,1
Happy birthday! Have a great day 755,0
Click this link to secure your account 968,1
Invoice attached for your purchase 970,0
Update your payment information now 737,1
Please review the attached document 576,0
Meeting scheduled tomorrow at 10 AM 315,0
Happy birthday! Have a great day 630,0
Update your payment information now 395,1
Please review the attached document 889,0
Your account will be blocked. Act now 620,1
Meeting scheduled tomorrow at 10 AM 414,0
Unusual activity detected. Confirm immediately 672,1
Your account will be blocked. Act now 812,1
Verify your bank details to avoid suspension 783,1
Unusual activity detected. Confirm immediately 641,1
Project meeting next week 417,0
Your order has been delivered 678,0
Click this link to secure your account 971,1
Happy birthday! Have a great day 854,0
Invoice attached for your purchase 203,0
Your order has been delivered 596,0
Happy birthday! Have a great day 638,0
Unusual activity detected. Confirm immediately 569,1
Team meeting rescheduled 548,0
Update your payment information now 637,1
Urgent! Your account has been suspended. Click here to verify now 178,1
Lunch plan today? 640,0
Click this link to secure your account 687,1
Team meeting rescheduled 553,0
Update your payment information now 333,1
Lunch plan today? 268,0
You have received a reward. Click to claim 158,1
Project meeting next week 175,0
Your password expires today. Login immediately 901,1
Meeting scheduled tomorrow at 10 AM 927,0
You have received a reward. Click to claim 209,1
Security alert! Login required 259,1
Update your payment information now 607,1
Your order has been delivered 120,0
Lunch plan today? 170,0
Please review the attached document 829,0
Meeting scheduled tomorrow at 10 AM 481,0
Project meeting next week 431,0
Unusual activity detected. Confirm immediately 503,1
Happy birthday! Have a great day 101,0
Security alert! Login required 495,1
Congratulations! You won a prize. Claim now 761,1
Let's catch up this weekend 428,0
Your account will be blocked. Act now 856,1
Your order has been delivered 728,0
Verify your bank details to avoid suspension 560,1
Your account will be blocked. Act now 479,1
Update your payment information now 214,1
Your password expires today. Login immediately 258,1
Your password expires today. Login immediately 159,1
Let's catch up this weekend 887,0
Let's catch up this weekend 210,0
Team meeting rescheduled 588,0
Urgent! Your account has been suspended. Click here to verify now 342,1
Please review the attached document 271,0
Security alert! Login required 170,1
Urgent! Your account has been suspended. Click here to verify now 847,1
Your password expires today. Login immediately 466,1
Your order has been delivered 747,0
Reminder: submit assignment 517,0
Security alert! Login required 998,1
Urgent! Your account has been suspended. Click here to verify now 384,1
Urgent! Your account has been suspended. Click here to verify now 164,1
Your order has been delivered 499,0
Please review the attached document 691,0
Let's catch up this weekend 257,0
Reminder: submit assignment 496,0
Team meeting rescheduled 407,0
Your password expires today. Login immediately 497,1
Unusual activity detected. Confirm immediately 322,1
Your password expires today. Login immediately 644,1
Update your payment information now 464,1
Your order has been delivered 911,0
Unusual activity detected. Confirm immediately 538,1
Team meeting rescheduled 551,0
You have received a reward. Click to claim 720,1
Team meeting rescheduled 176,0
Unusual activity detected. Confirm immediately 647,1
Happy birthday! Have a great day 117,0
Congratulations! You won a prize. Claim now 660,1
You have received a reward. Click to claim 767,1
You have received a reward. Click to claim 296,1
Update your payment information now 299,1
Congratulations! You won a prize. Claim now 410,1
Reminder: submit assignment 332,0
Project meeting next week 510,0
Lunch plan today? 775,0
Verify your bank details to avoid suspension 165,1
Urgent! Your account has been suspended. Click here to verify now 830,1
Your account will be blocked. Act now 690,1
Meeting scheduled tomorrow at 10 AM 953,0
Project meeting next week 331,0
Update your payment information now 607,1
You have received a reward. Click to claim 727,1
Please review the attached document 263,0
Verify your bank details to avoid suspension 347,1
Your password expires today. Login immediately 655,1
Update your payment information now 446,1
Invoice attached for your purchase 207,0
Invoice attached for your purchase 618,0
Lunch plan today? 385,0
Your account will be blocked. Act now 569,1
Lunch plan today? 222,0
Let's catch up this weekend 725,0
Unusual activity detected. Confirm immediately 523,1
Your password expires today. Login immediately 743,1
Urgent! Your account has been suspended. Click here to verify now 697,1
Reminder: submit assignment 962,0
Meeting scheduled tomorrow at 10 AM 329,0
Your order has been delivered 641,0
Please review the attached document 316,0
Update your payment information now 813,1
Click this link to secure your account 273,1
Verify your bank details to avoid suspension 428,1
Team meeting rescheduled 937,0
Urgent! Your account has been suspended. Click here to verify now 397,1
Congratulations! You won a prize. Claim now 714,1
Update your payment information now 120,1
Team meeting rescheduled 627,0
Update your payment information now 853,1
Your order has been delivered 781,0
Let's catch up this weekend 799,0
Your order has been delivered 240,0
Update your payment information now 396,1
Lunch plan today? 198,0
Happy birthday! Have a great day 220,0
Let's catch up this weekend 992,0
Team meeting rescheduled 665,0
Team meeting rescheduled 666,0
Security alert! Login required 955,1
Your password expires today. Login immediately 620,1
Lunch plan today? 392,0
Team meeting rescheduled 978,0
Urgent! Your account has been suspended. Click here to verify now 852,1
Happy birthday! Have a great day 393,0
Click this link to secure your account 842,1
Update your payment information now 503,1
Your order has been delivered 742,0
Let's catch up this weekend 246,0
Security alert! Login required 402,1
Urgent! Your account has been suspended. Click here to verify now 591,1
Let's catch up this weekend 713,0
Urgent! Your account has been suspended. Click here to verify now 912,1
Your password expires today. Login immediately 587,1
Security alert! Login required 900,1
Let's catch up this weekend 862,0
Lunch plan today? 685,0
Urgent! Your account has been suspended. Click here to verify now 886,1
Your account will be blocked. Act now 201,1
Your order has been delivered 726,0
Urgent! Your account has been suspended. Click here to verify now 804,1
Reminder: submit assignment 981,0
Urgent! Your account has been suspended. Click here to verify now 825,1
Project meeting next week 862,0
Reminder: submit assignment 240,0
Congratulations! You won a prize. Claim now 910,1
Let's catch up this weekend 848,0
Update your payment information now 755,1
Project meeting next week 616,0
Let's catch up this weekend 639,0
Meeting scheduled tomorrow at 10 AM 333,0
Update your payment information now 395,1
Meeting scheduled tomorrow at 10 AM 330,0
Security alert! Login required 591,1
Your order has been delivered 322,0
Congratulations! You won a prize. Claim now 479,1
Security alert! Login required 801,1
Lunch plan today? 409,0
Unusual activity detected. Confirm immediately 182,1
Congratulations! You won a prize. Claim now 481,1
Urgent! Your account has been suspended. Click here to verify now 896,1
Your password expires today. Login immediately 700,1
Project meeting next week 812,0
Your order has been delivered 279,0
Update your payment information now 594,1
Congratulations! You won a prize. Claim now 662,1
Update your payment information now 229,1
Update your payment information now 197,1
Your password expires today. Login immediately 696,1
Happy birthday! Have a great day 843,0
Security alert! Login required 820,1
Your account will be blocked. Act now 731,1
Lunch plan today? 706,0
Your order has been delivered 539,0
Security alert! Login required 882,1
Your account will be blocked. Act now 886,1
Security alert! Login required 425,1
Lunch plan today? 674,0
Urgent! Your account has been suspended. Click here to verify now 941,1
You have received a reward. Click to claim 859,1
Your account will be blocked. Act now 908,1
Team meeting rescheduled 906,0
Urgent! Your account has been suspended. Click here to verify now 750,1
Unusual activity detected. Confirm immediately 859,1
Invoice attached for your purchase 530,0
Verify your bank details to avoid suspension 277,1
Update your payment information now 699,1
Meeting scheduled tomorrow at 10 AM 347,0
Lunch plan today? 103,0
Verify your bank details to avoid suspension 887,1
Click this link to secure your account 504,1
Lunch plan today? 913,0
Lunch plan today? 100,0
Security alert! Login required 823,1
Verify your bank details to avoid suspension 543,1
Lunch plan today? 490,0
You have received a reward. Click to claim 467,1
Invoice attached for your purchase 348,0
Meeting scheduled tomorrow at 10 AM 470,0
Congratulations! You won a prize. Claim now 887,1
Your password expires today. Login immediately 156,1
Lunch plan today? 566,0
Lunch plan today? 903,0
Security alert! Login required 346,1
Invoice attached for your purchase 835,0
Please review the attached document 953,0
Congratulations! You won a prize. Claim now 912,1
Your order has been delivered 922,0
Update your payment information now 669,1
Unusual activity detected. Confirm immediately 760,1
Your password expires today. Login immediately 976,1
Project meeting next week 848,0
Urgent! Your account has been suspended. Click here to verify now 627,1
Click this link to secure your account 807,1
Click this link to secure your account 684,1
Your password expires today. Login immediately 399,1
Reminder: submit assignment 526,0
Team meeting rescheduled 663,0
Urgent! Your account has been suspended. Click here to verify now 183,1
Team meeting rescheduled 531,0
Team meeting rescheduled 132,0
You have received a reward. Click to claim 582,1
Reminder: submit assignment 499,0
Verify your bank details to avoid suspension 617,1
Please review the attached document 943,0
Team meeting rescheduled 645,0
Team meeting rescheduled 416,0
Project meeting next week 780,0
Lunch plan today? 658,0
Congratulations! You won a prize. Claim now 330,1
Verify your bank details to avoid suspension 885,1
You have received a reward. Click to claim 447,1
Meeting scheduled tomorrow at 10 AM 667,0
Invoice attached for your purchase 301,0
Update your payment information now 635,1
Invoice attached for your purchase 255,0
Invoice attached for your purchase 323,0
Your password expires today. Login immediately 400,1
Please review the attached document 530,0
Invoice attached for your purchase 989,0
Invoice attached for your purchase 949,0
Project meeting next week 765,0
Click this link to secure your account 332,1
Happy birthday! Have a great day 869,0
You have received a reward. Click to claim 395,1
Project meeting next week 253,0
Security alert! Login required 477,1
Your account will be blocked. Act now 401,1
You have received a reward. Click to claim 924,1
Security alert! Login required 136,1
Security alert! Login required 711,1
You have received a reward. Click to claim 431,1
Lunch plan today? 955,0
Your password expires today. Login immediately 620,1
Your order has been delivered 545,0
Click this link to secure your account 108,1
Click this link to secure your account 597,1
Happy birthday! Have a great day 636,0
Your order has been delivered 274,0
Meeting scheduled tomorrow at 10 AM 323,0
Happy birthday! Have a great day 343,0
Team meeting rescheduled 473,0
Click this link to secure your account 557,1
Unusual activity detected. Confirm immediately 678,1
Click this link to secure your account 238,1
Update your payment information now 685,1
Project meeting next week 892,0
You have received a reward. Click to claim 336,1
Project meeting next week 600,0
Happy birthday! Have a great day 674,0
Team meeting rescheduled 618,0
Urgent! Your account has been suspended. Click here to verify now 236,1
Project meeting next week 473,0
Click this link to secure your account 314,1
Security alert! Login required 788,1
Invoice attached for your purchase 514,0
Lunch plan today? 315,0
Security alert! Login required 866,1
Unusual activity detected. Confirm immediately 616,1
Your account will be blocked. Act now 112,1
Team meeting rescheduled 294,0
Please review the attached document 792,0
Urgent! Your account has been suspended. Click here to verify now 733,1
Let's catch up this weekend 151,0
Team meeting rescheduled 808,0
Your order has been delivered 580,0
Lunch plan today? 522,0
Team meeting rescheduled 628,0
Reminder: submit assignment 960,0
Lunch plan today? 376,0
Happy birthday! Have a great day 379,0
Update your payment information now 344,1
Your account will be blocked. Act now 180,1
Team meeting rescheduled 738,0
Meeting scheduled tomorrow at 10 AM 188,0
Your password expires today. Login immediately 537,1
Your order has been delivered 871,0
Project meeting next week 297,0
Meeting scheduled tomorrow at 10 AM 410,0
Invoice attached for your purchase 184,0
Your password expires today. Login immediately 552,1
Project meeting next week 720,0
Unusual activity detected. Confirm immediately 417,1
Let's catch up this weekend 977,0
Your account will be blocked. Act now 755,1
Invoice attached for your purchase 373,0
Meeting scheduled tomorrow at 10 AM 833,0
Update your payment information now 501,1
Unusual activity detected. Confirm immediately 796,1
Invoice attached for your purchase 688,0
Meeting scheduled tomorrow at 10 AM 758,0
Your account will be blocked. Act now 887,1
Urgent! Your account has been suspended. Click here to verify now 708,1
Verify your bank details to avoid suspension 698,1
Your password expires today. Login immediately 883,1
Your password expires today. Login immediately 275,1
Update your payment information now 889,1
Security alert! Login required 134,1